Date,Open,High,Low,Close,Volume,Adj Close,I,j,RSV,K,D,J,KDJ_s,X,A,B,RSI,RSI_s,F,FI,FI_s,EMA,EMA_s,close_s,signal,price,buy,sell,profit
2015-02-17,25.69,30.83,25.69,30.83,2800,30.67,,,,50.0,50.0,0.0,0.0,-66.83,0.0,0.0,0.0,0.0,-1716.8627,0.0,0.0,0.0,0.0,0.0,0.0,30.67,0.0,0.0,0.0
2015-02-23,30.83,41.03,30.83,41.03,2500,40.82,,,,50.0,50.0,0.0,0.0,10.15,0.0,0.0,0.0,0.0,312.9245,0.0,0.0,0.0,0.0,1.0,0.0,40.82,0.0,0.0,0.0
2015-03-02,45.13,66.07,45.13,62.23,2851100,61.91,,,,50.0,50.0,0.0,0.0,21.09,0.0,0.0,0.0,0.0,951.7917,0.0,0.0,0.0,0.0,1.0,0.0,61.91,0.0,0.0,0.0
2015-03-09,56.1,58.85,53.73,56.07,3602600,55.78,,,,50.0,50.0,0.0,0.0,-6.13,0.0,0.0,0.0,0.0,-329.3649,0.0,0.0,0.0,0.0,0.0,0.0,55.78,0.0,0.0,0.0
2015-03-16,57.19,62.5,56.5,61.02,2792600,60.71,,,,50.0,50.0,0.0,0.0,4.93,0.0,0.0,0.0,0.0,278.545,0.0,0.0,37.836,1.0,1.0,0.0,60.71,0.0,0.0,0.0
2015-03-23,61.29,70.62,60.31,65.1,2806100,64.77,39.08,40.38,96.7805844477,65.5935281492,55.1978427164,86.3848990149,1.0,4.06,36.17,-72.96,33.1439567488,1.0,244.8586,267.3162,1.0,46.814,1.0,1.0,1.0,64.77,64.77,0.0,0.0
2015-03-30,64.3,65.85,60.13,65.4,1644500,65.07,34.24,39.79,86.051771802,72.4129427002,60.9362093777,95.3664093451,1.0,0.3,40.23,-6.13,86.7773943054,1.0,18.039,169.252066667,0.0,52.8993333333,1.0,1.0,0.0,65.07,0.0,0.0,0.0
2015-04-06,65.4,72.25,62.88,70.0,1940200,69.64,24.51,25.49,96.1553550412,80.3270801472,67.3998329675,106.181574507,1.0,4.57,30.38,-6.13,83.2100794303,0.0,287.3616,107.8132,0.0,58.4795555556,1.0,1.0,0.0,69.64,0.0,0.0,0.0
2015-04-13,69.0,75.58,66.0,67.0,1676400,66.66,12.93,18.52,69.8164146868,76.8235249937,70.5410636429,89.3884476953,0.0,-2.98,13.86,-6.13,69.3346673337,0.0,-196.68,126.0144,1.0,61.2063703704,1.0,0.0,0.0,66.66,0.0,0.0,0.0
2015-04-20,67.03,70.38,64.37,68.24,1465400,67.89,11.39,19.08,59.6960167715,71.1143555863,70.7321609574,71.8787448442,0.0,1.23,13.86,-2.98,82.3040380048,1.0,79.1751,-104.7283,0.0,63.4342469136,1.0,1.0,0.0,67.89,0.0,0.0,0.0
2015-04-27,71.0,82.66,70.11,78.3,2381600,77.9,17.77,15.45,115.01618123,85.7482974675,75.7375397941,105.769812814,1.0,10.01,10.16,-2.98,77.3211567732,0.0,701.8011,286.7171,1.0,68.2561646091,1.0,1.0,0.0,77.9,0.0,0.0,0.0
2015-05-04,77.03,81.0,72.18,79.27,1853900,78.87,18.74,22.53,83.177984909,84.8915266146,78.7888687343,97.0968423754,0.0,0.97,16.11,-2.98,84.3897328444,1.0,70.0146,491.2056,1.0,71.7941097394,1.0,1.0,0.0,78.87,0.0,0.0,0.0
2015-05-11,79.7,100.0,79.3,94.4,2510900,93.92,31.04,19.78,156.926188069,108.903080433,88.8269393004,149.055362697,1.0,15.05,16.78,-2.98,84.9190283401,1.0,1193.465,444.498066667,0.0,79.1694064929,1.0,1.0,0.0,93.92,0.0,0.0,0.0
2015-05-18,94.88,105.6,94.88,100.1,2216700,100.1,35.73,35.63,100.280662363,106.028941076,94.5609398923,128.964943444,0.0,6.18,27.26,-2.98,90.1455026455,1.0,586.3584,991.096133333,1.0,86.1462709953,1.0,1.0,0.0,100.1,0.0,0.0,0.0
2015-05-25,96.8,138.0,95.55,117.78,2273900,117.78,53.41,41.23,129.541595925,113.866492693,100.996124159,139.60722976,1.0,17.68,33.44,0.0,100.0,1.0,1689.324,954.0136,0.0,96.6908473302,1.0,1.0,0.0,117.78,0.0,0.0,0.0
2015-06-01,117.98,122.81,103.86,107.4,1605500,107.4,37.29,67.89,54.9270879364,94.2200244405,98.7374242529,85.1852248157,0.0,-10.38,49.89,0.0,100.0,0.0,-1078.0668,766.8604,0.0,100.260564887,1.0,0.0,0.0,107.4,0.0,0.0,0.0
2015-06-08,106.68,108.45,96.66,103.52,1427200,103.52,31.34,65.82,47.6147067761,78.6849185523,92.053255686,51.948244285,0.0,-3.88,39.88,-10.38,79.3473935535,0.0,-375.0408,-843.7248,0.0,101.347043258,1.0,0.0,0.0,103.52,0.0,0.0,0.0
2015-06-15,104.0,104.0,86.1,89.01,1188000,89.01,9.71,58.7,16.5417376491,57.9705249179,80.69234543,12.5268838938,0.0,-14.51,38.91,-14.26,73.1803648674,0.0,-1249.311,-666.4642,1.0,97.2346955052,0.0,0.0,0.0,89.01,0.0,0.0,0.0
2015-06-22,89.01,100.88,84.61,84.61,1134700,84.61,-1.49,51.9,-2.87090558767,37.6900480827,66.3582463142,-19.6463483803,0.0,-4.4,23.86,-28.77,45.3353600608,0.0,-372.284,-956.968666667,0.0,93.0264636702,0.0,0.0,-1.0,84.61,0.0,84.61,0.306314651845
2015-06-29,86.0,86.05,62.26,67.3,1585700,67.3,-17.31,53.39,-32.4218018355,14.3194314433,49.0119746906,-55.0656550513,0.0,-17.31,17.68,-33.17,34.7689282203,0.0,-1077.7206,-607.429533333,1.0,84.4509757801,0.0,0.0,0.0,67.3,0.0,0.0,0.0
2015-07-06,74.03,74.03,49.0,62.74,1386700,62.74,0.48,60.55,0.792733278282,9.81053205496,35.9448271454,-42.4580581259,1.0,-4.56,0.0,-50.48,0.0,0.0,-223.44,-792.9604,0.0,77.2139838534,0.0,0.0,0.0,62.74,0.0,0.0,0.0
2015-07-13,68.88,75.5,58.07,70.32,2032200,70.32,21.32,59.45,35.8620689655,18.4943776918,30.1280106609,-4.77288824628,1.0,7.58,0.0,-44.66,0.0,0.0,440.1706,-2.23646666667,1.0,74.9159892356,0.0,1.0,0.0,70.32,0.0,0.0,0.0
2015-07-20,70.88,83.15,67.52,76.53,1934300,76.53,27.53,55.0,50.0545454545,29.0144336127,29.7568183115,27.5296642152,1.0,6.21,7.58,-40.78,15.6741108354,1.0,419.2992,433.213466667,1.0,75.4539928237,1.0,1.0,1.0,76.53,76.53,0.0,0.0
2015-07-27,74.0,77.18,61.99,64.51,1530600,64.51,15.51,51.88,29.8959136469,29.3082602908,29.6072989712,28.7101829298,1.0,-12.02,13.79,-26.27,34.4233649526,1.0,-745.1198,31.1595333333,0.0,71.8059952158,0.0,0.0,-1.0,64.51,0.0,64.51,-0.157062589834
2015-08-03,64.0,70.88,58.2,70.58,1335200,70.58,21.58,37.05,58.2456140351,38.9540448722,32.7228809382,51.4163727402,1.0,6.07,13.79,-33.89,28.9219798658,0.0,353.274,-378.988533333,0.0,71.3973301439,0.0,1.0,0.0,70.58,0.0,0.0,0.0
2015-08-10,71.9,79.58,69.9,78.9,1840800,78.9,29.9,34.15,87.5549048316,55.1543315253,40.2000311339,85.0629323082,1.0,8.32,19.86,-16.58,54.5005488474,1.0,581.568,429.372,1.0,73.8982200959,1.0,1.0,1.0,78.9,78.9,0.0,0.0
2015-08-17,77.11,78.8,60.0,60.0,1199300,60.0,1.93,25.08,7.69537480064,39.3346792838,39.9115805172,38.1808768169,0.0,-18.9,28.18,-12.02,70.0995024876,1.0,-1134.0,9.712,0.0,69.2654800639,0.0,0.0,-1.0,60.0,0.0,60.0,-0.239543726236
2015-08-24,56.0,56.6,47.1,54.88,1200400,54.88,-3.32,24.95,-13.3066132265,21.7875817804,33.8702476049,-2.37774986877,0.0,-5.12,20.6,-30.92,39.9844720497,0.0,-241.152,-836.384,0.0,64.4703200426,0.0,0.0,0.0,54.88,0.0,0.0,0.0
2015-08-31,54.02,54.02,42.35,44.44,573900,44.44,-2.66,32.48,-8.18965517241,11.7951694628,26.5118882242,-17.6382680601,0.0,-10.44,14.39,-36.04,28.5346024192,0.0,-442.134,-308.146,1.0,57.7935466951,0.0,0.0,0.0,44.44,0.0,0.0,0.0
2015-09-07,46.8,53.68,44.8,52.5,1020200,52.5,10.15,37.23,27.2629599785,16.9510996347,23.3249586944,4.20338151532,1.0,8.06,14.39,-34.46,29.4575230297,1.0,361.088,-174.393333333,1.0,56.0290311301,0.0,1.0,1.0,52.5,52.5,0.0,0.0
2015-09-14,52.79,53.5,45.51,52.25,1063000,52.25,9.9,37.23,26.5914585012,20.1645525902,22.271489993,15.9506777846,1.0,-0.25,16.38,-34.46,32.2187254131,1.0,-11.3775,236.932833333,1.0,54.7693540867,0.0,0.0,0.0,52.25,0.0,0.0,0.0
2015-09-21,51.66,56.01,51.11,51.66,1097300,51.66,9.31,36.45,25.5418381344,21.9569811049,22.166653697,21.5376359209,1.0,-0.59,8.06,-34.71,18.8449848024,0.0,-30.1549,-17.6366333333,0.0,53.7329027245,0.0,0.0,-1.0,51.66,0.0,51.66,-0.016
2015-09-28,51.58,55.0,51.19,53.65,502400,53.65,11.3,14.25,79.298245614,41.0707359413,28.4680144451,66.2761789338,1.0,1.99,8.06,-16.4,32.9517579722,1.0,101.8681,13.8527666667,1.0,53.705268483,0.0,1.0,1.0,53.65,53.65,0.0,0.0
2015-10-05,53.65,58.5,53.65,57.42,490000,57.42,15.07,13.66,110.322108346,64.1545267427,40.3635185443,111.73654314,1.0,3.77,10.05,-11.28,47.1167369902,1.0,202.2605,135.332233333,1.0,54.943512322,1.0,1.0,0.0,57.42,0.0,0.0,0.0
2015-10-12,57.63,68.59,57.62,66.83,1385700,66.83,22.03,13.7,160.802919708,96.3706577312,59.0325649399,171.046843314,1.0,9.41,13.82,-0.84,94.2701227831,1.0,542.2042,315.575066667,1.0,58.9056748813,1.0,1.0,0.0,66.83,0.0,0.0,0.0
2015-10-19,66.37,67.0,60.26,66.7,1331000,66.7,21.19,23.08,91.8110918544,94.8508024389,70.9719774396,142.608452438,0.0,-0.13,15.17,-0.84,94.7532792005,1.0,-7.8338,358.8582,1.0,61.5037832542,1.0,0.0,0.0,66.7,0.0,0.0,0.0
2015-10-26,67.78,80.0,67.27,76.99,1573800,76.99,25.88,17.48,148.054919908,112.585508262,84.8431543804,168.070216025,1.0,10.29,15.17,-0.72,95.4688483323,1.0,692.2083,225.513566667,0.0,66.6658555028,1.0,1.0,0.0,76.99,0.0,0.0,0.0
2015-11-02,75.0,93.39,73.88,93.39,1619700,93.39,42.2,28.81,146.476917737,123.882644754,97.8563178382,175.935298585,1.0,16.4,25.46,-0.13,99.4919890582,1.0,1211.632,865.349533333,1.0,75.5739036685,1.0,1.0,0.0,93.39,0.0,0.0,0.0
2015-11-09,91.31,115.34,89.8,100.73,2349400,100.73,47.08,39.74,118.47005536,122.078448289,105.930361322,154.374622224,0.0,7.34,39.87,-0.13,99.675,1.0,659.132,1027.46533333,1.0,83.9592691124,1.0,1.0,0.0,100.73,0.0,0.0,0.0
2015-11-16,95.6,105.9,92.0,100.07,1329600,100.07,42.45,57.72,73.5446985447,105.900531708,105.920418117,105.860758889,0.0,-0.66,43.44,-0.13,99.7016295616,1.0,-60.72,419.181333333,0.0,89.3295127416,1.0,0.0,0.0,100.07,0.0,0.0,0.0
2015-11-23,100.0,111.0,96.5,100.25,1623200,100.25,39.99,55.08,72.6034858388,94.801516418,102.214117551,79.9763141526,0.0,0.18,34.03,-0.79,97.7311889719,0.0,17.37,-34.69,0.0,92.969675161,1.0,1.0,0.0,100.25,0.0,0.0,0.0
2015-11-30,100.48,113.8,92.44,101.15,1410900,101.15,33.88,48.07,70.4805491991,86.694527345,97.0409208155,66.0017404041,0.0,0.9,34.21,-0.66,98.1072555205,1.0,83.196,39.312,1.0,95.6964501074,1.0,1.0,0.0,101.15,0.0,0.0,0.0
2015-12-07,101.22,101.98,93.11,93.41,847200,93.41,19.53,41.46,47.1056439942,73.4982328948,89.1933581752,42.1079823338,0.0,-7.74,24.82,-0.66,97.409733124,0.0,-720.6714,-184.7598,0.0,94.9343000716,0.0,0.0,-1.0,93.41,0.0,93.41,0.74109972041
2015-12-14,92.13,108.42,92.01,104.55,883700,104.55,14.75,25.54,57.7525450274,68.2496702723,82.2121288743,40.3247530684,0.0,11.14,8.42,-8.4,50.0594530321,0.0,1024.9914,-138.7838,1.0,98.1395333811,1.0,1.0,0.0,104.55,0.0,0.0,0.0
2015-12-21,103.25,142.77,103.1,142.77,1659000,142.77,50.77,21.8,232.889908257,123.1297496,95.851335783,177.686577235,1.0,38.22,12.22,-8.4,59.2628516004,1.0,3940.482,1996.8216,1.0,113.016355587,1.0,1.0,1.0,142.77,142.77,0.0,0.0
2015-12-28,132.18,137.99,113.0,115.5,1541500,115.5,23.49,50.76,46.2765957447,97.5120316486,96.4049010715,99.7262928026,0.0,-27.27,50.44,-7.74,86.6964592644,1.0,-3081.51,1599.818,0.0,113.844237058,1.0,0.0,0.0,115.5,0.0,0.0,0.0
2016-01-04,113.99,115.0,88.0,97.5,1037700,97.5,5.49,50.76,10.8156028369,68.6132220447,87.1410080626,31.5576500089,0.0,-18.0,50.26,-35.01,58.9421836519,0.0,-1584.0,-2582.34,0.0,108.396158039,0.0,0.0,-1.0,97.5,0.0,97.5,-0.317083420887
